Workbook

Sheet COVER

Sheet Instructions
B6: 1. | C6: La pestaña de color gris, corresponde a los precios de tarifa confidencial del catálogo ROLY 2024. The grey tab corresponds to prices in Confidential Price list for ROLY 2024 catalogue. L’onglet gris correspond aux prix du tarif confidentiel du catalogue ROLY 2024.
B7: 2. | C7: La pestaña de color verde alberga la tarifa de venta al público (PVP) recomendada para el catálogo ROLY 2024. The green tab has the recommended retail price (RRP) for ROLY 2023 catalogue. L’onglet vert contient le tarif de vente public (PVP) recommandé pour le catalogue ROLY 2024.
B8: 3. | C8: La tarifa de venta al público (PVP) puede ser editada. Para ello, sólo debe modificar el porcentaje de incremento de comercialización de la casilla bajo estas líneas: The recommended retail price (RRP) can be edited. To do this, simply modify the percentage increase of merchandising in the box under these lines: Le tarif de vente public (PVP) est éditable. Il suffit de modifier le pourcentage de la hausse des prix de commercialisation situé dans la case en dessous de ces lignes:
F9: PORCENTAJE DE INCREMENTO DE COMERCIALIZACIÓN INCREASE PERCENTAGE OF MERCHANDISING POURCENTAJE DE HAUSSE DES PRIX DE COMMERCIALISATION | AA9: 1
B13: 4. | C13: Los precios de tarifa de venta al público (PVP) no incluyen impuestos, se muestran en Euros y están redondeados al alza con dos decimales. Prices of recommended retail price (RRP) do not include taxes, they are shown in Euros and are rounded to two decimals. Les prix du tarif de vente public (PVP) n’incluent pas les impôts, se montrent en Euros et sont arrondis a deux décimaux.

Sheet Tarifa 2026
A1: TARIFA CONFIDENCIAL · CONFIDENTIAL PRICE LIST · TARIF CONFIDENTIEL
H2: PACKAGING | J2: TARIFA CONFIDENCIAL CONFIDENTIAL PRICE TARIF CONFIDENTIAL
A3: Pág. | B3: Link | C3: Ref. | D3: Nombre | E3: Género | F3: Talla | G3: Color | H3: Ud/Caja | I3: Ud/Pack | J3: Caja | K3: Pack | L3: Unid.
A4: Page | B4: Link | C4: Ref. | D4: Name | E4: Gender | F4: Size | G4: Colour | H4: Units/box | I4: Units/pack | J4: Box | K4: Pack | L4: Unit
A5: Page | B5: Link | C5: Ref. | D5: Nom | E5: Genre | F5: Taille | G5: Couleur | H5: Unité/carton | I5: Unité/blister | J5: Carton | K5: Blister | L5: Unité
A6: FOOTWEAR
A7: 12 | B7: NEW | C7: 8397 | D7: Beryl | E7: Unisex - Unisex - Unisex | F7: 34-50 | G7: Color - Colour - Couleur | H7: 10 | I7: 1 | J7: 30.9 | K7: =IF(I7=1,(ROUNDUP((J7*0.05+J7),3)),ROUNDUP((J7*0.05+J7),3)) -> 32.445 | L7: =IF(I7=1,"-",IF(AND(I7="",L11="-"),"-",ROUNDUP((J7*0.2)+J7,3))) -> -
A8: 14 | B8: NEW | C8: 8392 | D8: Onyx | E8: Unisex - Unisex - Unisex | F8: 34-50 | G8: Color - Colour - Couleur | H8: 10 | I8: 1 | J8: 24.5 | K8: =IF(I8=1,(ROUNDUP((J8*0.05+J8),3)),ROUNDUP((J8*0.05+J8),3)) -> 25.725 | L8: =IF(I8=1,"-",IF(AND(I8="",L12="-"),"-",ROUNDUP((J8*0.2)+J8,3))) -> -
A9: 16 | B9: See photo | C9: 8385 | D9: Vitinja | E9: Unisex - Unisex - Unisex | F9: 36-48 | G9: Color - Colour - Couleur | H9: 10 | I9: 1 | J9: 37.25 | K9: =IF(I9=1,(ROUNDUP((J9*0.05+J9),3)),ROUNDUP((J9*0.05+J9),3)) -> 39.113 | L9: =IF(I9=1,"-",IF(AND(I9="",L13="-"),"-",ROUNDUP((J9*0.2)+J9,3))) -> -
A10: 18 | B10: NEW | C10: 8395 | D10: Ruby | E10: Unisex - Unisex - Unisex | F10: 34-50 | G10: Color - Colour - Couleur | H10: 10 | I10: 1 | J10: 26.5 | K10: =IF(I10=1,(ROUNDUP((J10*0.05+J10),3)),ROUNDUP((J10*0.05+J10),3)) -> 27.825 | L10: =IF(I10=1,"-",IF(AND(I10="",L14="-"),"-",ROUNDUP((J10*0.2)+J10,3))) -> -
A11: 18 | B11: NEW | C11: 8394 | D11: Garnet | E11: Unisex - Unisex - Unisex | F11: 34-50 | G11: Color - Colour - Couleur | H11: 10 | I11: 1 | J11: 27.25 | K11: =IF(I11=1,(ROUNDUP((J11*0.05+J11),3)),ROUNDUP((J11*0.05+J11),3)) -> 28.613 | L11: =IF(I11=1,"-",IF(AND(I11="",L15="-"),"-",ROUNDUP((J11*0.2)+J11,3))) -> -
A12: 20 | B12: See photo | C12: 8382 | D12: Ulmus | E12: Unisex - Unisex - Unisex | F12: 36-48 | G12: Color - Colour - Couleur | H12: 10 | I12: 1 | J12: 27.3 | K12: =IF(I12=1,(ROUNDUP((J12*0.05+J12),3)),ROUNDUP((J12*0.05+J12),3)) -> 28.665 | L12: =IF(I12=1,"-",IF(AND(I12="",L14="-"),"-",ROUNDUP((J12*0.2)+J12,3))) -> -
A13: 22 | B13: See photo | C13: 8383 | D13: Ceryson | E13: Unisex - Unisex - Unisex | F13: 36-48 | G13: Color - Colour - Couleur | H13: 10 | I13: 1 | J13: 28.25 | K13: =IF(I13=1,(ROUNDUP((J13*0.05+J13),3)),ROUNDUP((J13*0.05+J13),3)) -> 29.663 | L13: =IF(I13=1,"-",IF(AND(I13="",L15="-"),"-",ROUNDUP((J13*0.2)+J13,3))) -> -
A14: 24 | B14: See photo | C14: 8380 | D14: Kercus | E14: Unisex - Unisex - Unisex | F14: 36-48 | G14: Color - Colour - Couleur | H14: 10 | I14: 1 | J14: 30.35 | K14: =IF(I14=1,(ROUNDUP((J14*0.05+J14),3)),ROUNDUP((J14*0.05+J14),3)) -> 31.868 | L14: =IF(I14=1,"-",IF(AND(I14="",L5="-"),"-",ROUNDUP((J14*0.2)+J14,3))) -> -
A15: 26 | B15: See photo | C15: 8381 | D15: Giskan | E15: Unisex - Unisex - Unisex | F15: 36-48 | G15: Color - Colour - Couleur | H15: 10 | I15: 1 | J15: 31.15 | K15: =IF(I15=1,(ROUNDUP((J15*0.05+J15),3)),ROUNDUP((J15*0.05+J15),3)) -> 32.708 | L15: =IF(I15=1,"-",IF(AND(I15="",L6="-"),"-",ROUNDUP((J15*0.2)+J15,3))) -> -
A16: 28 | B16: See photo | C16: 8384 | D16: Noboa | E16: Unisex - Unisex - Unisex | F16: 36-48 | G16: Color - Colour - Couleur | H16: 10 | I16: 1 | J16: 30.1 | K16: =IF(I16=1,(ROUNDUP((J16*0.05+J16),3)),ROUNDUP((J16*0.05+J16),3)) -> 31.605 | L16: =IF(I16=1,"-",IF(AND(I16="",L12="-"),"-",ROUNDUP((J16*0.2)+J16,3))) -> -
A17: 30 | B17: NEW | C17: 8388 | D17: Brax | E17: Unisex - Unisex - Unisex | F17: 35-50 | G17: Color - Colour - Couleur | H17: 10 | I17: 1 | J17: 20.25 | K17: =IF(I17=1,(ROUNDUP((J17*0.05+J17),3)),ROUNDUP((J17*0.05+J17),3)) -> 21.263 | L17: =IF(I17=1,"-",IF(AND(I17="",L13="-"),"-",ROUNDUP((J17*0.2)+J17,3))) -> -
A18: 32 | B18: NEW | C18: 8389 | D18: Iron | E18: Unisex - Unisex - Unisex | F18: 35-50 | G18: Color - Colour - Couleur | H18: 10 | I18: 1 | J18: 21.5 | K18: =IF(I18=1,(ROUNDUP((J18*0.05+J18),3)),ROUNDUP((J18*0.05+J18),3)) -> 22.575 | L18: =IF(I18=1,"-",IF(AND(I18="",L14="-"),"-",ROUNDUP((J18*0.2)+J18,3))) -> -
A19: 34 | B19: NEW | C19: 8390 | D19: Rock | E19: Unisex - Unisex - Unisex | F19: 35-50 | G19: Color - Colour - Couleur | H19: 10 | I19: 1 | J19: 36.5 | K19: =IF(I19=1,(ROUNDUP((J19*0.05+J19),3)),ROUNDUP((J19*0.05+J19),3)) -> 38.325 | L19: =IF(I19=1,"-",IF(AND(I19="",L15="-"),"-",ROUNDUP((J19*0.2)+J19,3))) -> -
A20: 36 | B20: NEW | C20: 8391 | D20: Lua | E20: Unisex - Unisex - Unisex | F20: 35-50 | G20: Color - Colour - Couleur | H20: 10 | I20: 1 | J20: 37.5 | K20: =IF(I20=1,(ROUNDUP((J20*0.05+J20),3)),ROUNDUP((J20*0.05+J20),3)) -> 39.375 | L20: =IF(I20=1,"-",IF(AND(I20="",L16="-"),"-",ROUNDUP((J20*0.2)+J20,3))) -> -
A21: 38 | B21: NEW | C21: 8387 | D21: Pearl | E21: Unisex - Unisex - Unisex | F21: 35-50 | G21: Color - Colour - Couleur | H21: 10 | I21: 1 | J21: 25 | K21: =IF(I21=1,(ROUNDUP((J21*0.05+J21),3)),ROUNDUP((J21*0.05+J21),3)) -> 26.25 | L21: =IF(I21=1,"-",IF(AND(I21="",L17="-"),"-",ROUNDUP((J21*0.2)+J21,3))) -> -
A22: 40 | B22: NEW | C22: 8386 | D22: Salt | E22: Unisex - Unisex - Unisex | F22: 35-50 | G22: Color - Colour - Couleur | H22: 10 | I22: 1 | J22: 21.9 | K22: =IF(I22=1,(ROUNDUP((J22*0.05+J22),3)),ROUNDUP((J22*0.05+J22),3)) -> 22.995 | L22: =IF(I22=1,"-",IF(AND(I22="",L18="-"),"-",ROUNDUP((J22*0.2)+J22,3))) -> -
A23: 41 | B23: NEW | C23: 8393 | D23: Opal | E23: Unisex - Unisex - Unisex | F23: 35-48 | G23: Color - Colour - Couleur | H23: 10 | I23: 1 | J23: 13.5 | K23: =IF(I23=1,(ROUNDUP((J23*0.05+J23),3)),ROUNDUP((J23*0.05+J23),3)) -> 14.175 | L23: =IF(I23=1,"-",IF(AND(I23="",L19="-"),"-",ROUNDUP((J23*0.2)+J23,3))) -> -
A24: 42 | B24: NEW | C24: 8396 | D24: Basalt | E24: Unisex - Unisex - Unisex | F24: 34-50 | G24: Color - Colour - Couleur | H24: 10 | I24: 1 | J24: 31.5 | K24: =IF(I24=1,(ROUNDUP((J24*0.05+J24),3)),ROUNDUP((J24*0.05+J24),3)) -> 33.075 | L24: =IF(I24=1,"-",IF(AND(I24="",L20="-"),"-",ROUNDUP((J24*0.2)+J24,3))) -> -
A25: ALTA VISIBILIDAD · HI-VIZ · HAUTE VISIBILITÉ
A26: 49 | B26: NEW | C26: 9324 | D26: Foran | E26: Unisex - Unisex - Unisex | F26: XS-2XL | G26: Color - Colour - Couleur | H26: 50 | I26: 1 | J26: 7.95 | K26: =IF(I26=1,(ROUNDUP((J26*0.05+J26),3)),ROUNDUP((J26*0.05+J26),3)) -> 8.348 | L26: =IF(I26=1,"-",IF(AND(I26="",L15="-"),"-",ROUNDUP((J26*0.2)+J26,3))) -> -
E27: Unisex - Unisex - Unisex | F27: 3XL | G27: Color - Colour - Couleur | J27: 8.35 | K27: =IF(I27=1,(ROUNDUP((J27*0.05+J27),3)),ROUNDUP((J27*0.05+J27),3)) -> 8.768 | L27: =IF(I27=1,"-",IF(AND(I27="",L12="-"),"-",ROUNDUP((J27*0.2)+J27,3))) -> -
A28: 49 | B28: NEW | C28: 9325 | D28: Foran L/S | E28: Unisex - Unisex - Unisex | F28: XS-2XL | G28: Color - Colour - Couleur | H28: 25 | I28: 1 | J28: 9.95 | K28: =IF(I28=1,(ROUNDUP((J28*0.05+J28),3)),ROUNDUP((J28*0.05+J28),3)) -> 10.448 | L28: =IF(I28=1,"-",IF(AND(I28="",L13="-"),"-",ROUNDUP((J28*0.2)+J28,3))) -> -
E29: Unisex - Unisex - Unisex | F29: 3XL | G29: Color - Colour - Couleur | J29: 10.5 | K29: =IF(I29=1,(ROUNDUP((J29*0.05+J29),3)),ROUNDUP((J29*0.05+J29),3)) -> 11.025 | L29: =IF(I29=1,"-",IF(AND(I29="",L16="-"),"-",ROUNDUP((J29*0.2)+J29,3))) -> -
A30: 50 | B30: See photo | C30: 9317 | D30: Tauri | E30: Unisex - Unisex - Unisex | F30: S-2XL | G30: Color - Colour - Couleur | H30: 50 | I30: 1 | J30: 8.95 | K30: =IF(I30=1,(ROUNDUP((J30*0.05+J30),3)),ROUNDUP((J30*0.05+J30),3)) -> 9.398 | L30: =IF(I30=1,"-",IF(AND(I30="",L9="-"),"-",ROUNDUP((J30*0.2)+J30,3))) -> -
E31: Unisex - Unisex - Unisex | F31: 3XL | G31: Color - Colour - Couleur | J31: 9.75 | K31: =IF(I31=1,(ROUNDUP((J31*0.05+J31),3)),ROUNDUP((J31*0.05+J31),3)) -> 10.238 | L31: =IF(I30=1,"-",IF(AND(I30="",L25="-"),"-",ROUNDUP((J31*0.2)+J31,3))) -> -
E32: Unisex - Unisex - Unisex | F32: 4XL | G32: Color - Colour - Couleur | J32: 10 | K32: =IF(I32=1,(ROUNDUP((J32*0.05+J32),3)),ROUNDUP((J32*0.05+J32),3)) -> 10.5 | L32: =IF(I32=1,"-",IF(AND(I32="",L30="-"),"-",ROUNDUP((J32*0.2)+J32,3))) -> -
A33: 50 | B33: See photo | C33: 9318 | D33: Atrio | E33: Unisex - Unisex - Unisex | F33: S-2XL | G33: Color - Colour - Couleur | H33: 50 | I33: 1 | J33: 9.95 | K33: =IF(I33=1,(ROUNDUP((J33*0.05+J33),3)),ROUNDUP((J33*0.05+J33),3)) -> 10.448 | L33: =IF(I33=1,"-",IF(AND(I33="",L31="-"),"-",ROUNDUP((J33*0.2)+J33,3))) -> -
E34: Unisex - Unisex - Unisex | F34: 3XL | G34: Color - Colour - Couleur | J34: 10.5 | K34: =IF(I34=1,(ROUNDUP((J34*0.05+J34),3)),ROUNDUP((J34*0.05+J34),3)) -> 11.025 | L34: =IF(I34=1,"-",IF(AND(I34="",L32="-"),"-",ROUNDUP((J34*0.2)+J34,3))) -> -
E35: Unisex - Unisex - Unisex | F35: 4XL | G35: Color - Colour - Couleur | J35: 11 | K35: =IF(I35=1,(ROUNDUP((J35*0.05+J35),3)),ROUNDUP((J35*0.05+J35),3)) -> 11.55 | L35: =IF(I35=1,"-",IF(AND(I35="",L33="-"),"-",ROUNDUP((J35*0.2)+J35,3))) -> -
A36: 51 | B36: See photo | C36: 9319 | D36: Atrio L/S | E36: Unisex - Unisex - Unisex | F36: S-2XL | G36: Color - Colour - Couleur | H36: 50 | I36: 1 | J36: 12.5 | K36: =IF(I36=1,(ROUNDUP((J36*0.05+J36),3)),ROUNDUP((J36*0.05+J36),3)) -> 13.125 | L36: =IF(I36=1,"-",IF(AND(I36="",L34="-"),"-",ROUNDUP((J36*0.2)+J36,3))) -> -
E37: Unisex - Unisex - Unisex | F37: 3XL | G37: Color - Colour - Couleur | J37: 13.15 | K37: =IF(I37=1,(ROUNDUP((J37*0.05+J37),3)),ROUNDUP((J37*0.05+J37),3)) -> 13.808 | L37: =IF(I37=1,"-",IF(AND(I37="",L35="-"),"-",ROUNDUP((J37*0.2)+J37,3))) -> -
E38: Unisex - Unisex - Unisex | F38: 4XL | G38: Color - Colour - Couleur | J38: 13.8 | K38: =IF(I38=1,(ROUNDUP((J38*0.05+J38),3)),ROUNDUP((J38*0.05+J38),3)) -> 14.49 | L38: =IF(I38=1,"-",IF(AND(I38="",L36="-"),"-",ROUNDUP((J38*0.2)+J38,3))) -> -
A39: 52 | B39: See photo | C39: 9315 | D39: Vega | E39: Unisex - Unisex - Unisex | F39: S-2XL | G39: Color - Colour - Couleur | H39: 50 | I39: 1 | J39: 6.5 | K39: =IF(I39=1,(ROUNDUP((J39*0.05+J39),3)),ROUNDUP((J39*0.05+J39),3)) -> 6.825 | L39: =IF(I39=1,"-",IF(AND(I39="",L37="-"),"-",ROUNDUP((J39*0.2)+J39,3))) -> -
E40: Unisex - Unisex - Unisex | F40: 3XL | G40: Color - Colour - Couleur | J40: 6.9 | K40: =IF(I40=1,(ROUNDUP((J40*0.05+J40),3)),ROUNDUP((J40*0.05+J40),3)) -> 7.245 | L40: =IF(I40=1,"-",IF(AND(I40="",L38="-"),"-",ROUNDUP((J40*0.2)+J40,3))) -> -
E41: Unisex - Unisex - Unisex | F41: 4XL | G41: Color - Colour - Couleur | J41: 7.25 | K41: =IF(I41=1,(ROUNDUP((J41*0.05+J41),3)),ROUNDUP((J41*0.05+J41),3)) -> 7.613 | L41: =IF(I41=1,"-",IF(AND(I41="",L39="-"),"-",ROUNDUP((J41*0.2)+J41,3))) -> -
A42: 52 | B42: See photo | C42: 9316 | D42: Vega L/S | E42: Unisex - Unisex - Unisex | F42: S-2XL | G42: Color - Colour - Couleur | H42: 25 | I42: 1 | J42: 8.5 | K42: =IF(I42=1,(ROUNDUP((J42*0.05+J42),3)),ROUNDUP((J42*0.05+J42),3)) -> 8.925 | L42: =IF(I42=1,"-",IF(AND(I42="",L40="-"),"-",ROUNDUP((J42*0.2)+J42,3))) -> -
E43: Unisex - Unisex - Unisex | F43: 3XL | G43: Color - Colour - Couleur | J43: 8.95 | K43: =IF(I43=1,(ROUNDUP((J43*0.05+J43),3)),ROUNDUP((J43*0.05+J43),3)) -> 9.398 | L43: =IF(I43=1,"-",IF(AND(I43="",L41="-"),"-",ROUNDUP((J43*0.2)+J43,3))) -> -
E44: Unisex - Unisex - Unisex | F44: 4XL | G44: Color - Colour - Couleur | J44: 9.5 | K44: =IF(I44=1,(ROUNDUP((J44*0.05+J44),3)),ROUNDUP((J44*0.05+J44),3)) -> 9.975 | L44: =IF(I44=1,"-",IF(AND(I44="",L42="-"),"-",ROUNDUP((J44*0.2)+J44,3))) -> -
A45: 54 | B45: See photo | C45: 9310 | D45: Delta | E45: Unisex - Unisex - Unisex | F45: S-2XL | G45: Color - Colour - Couleur | H45: 50 | I45: 1 | J45: 4.65 | K45: =IF(I45=1,(ROUNDUP((J45*0.05+J45),3)),ROUNDUP((J45*0.05+J45),3)) -> 4.883 | L45: =IF(I45=1,"-",IF(AND(I45="",L43="-"),"-",ROUNDUP((J45*0.2)+J45,3))) -> -
E46: Unisex - Unisex - Unisex | F46: 3XL | G46: Color - Colour - Couleur | J46: 4.9 | K46: =IF(I46=1,(ROUNDUP((J46*0.05+J46),3)),ROUNDUP((J46*0.05+J46),3)) -> 5.145 | L46: =IF(I46=1,"-",IF(AND(I46="",L44="-"),"-",ROUNDUP((J46*0.2)+J46,3))) -> -
E47: Unisex - Unisex - Unisex | F47: 4XL | G47: Color - Colour - Couleur | J47: 5.2 | K47: =IF(I47=1,(ROUNDUP((J47*0.05+J47),3)),ROUNDUP((J47*0.05+J47),3)) -> 5.46 | L47: =IF(I47=1,"-",IF(AND(I47="",L45="-"),"-",ROUNDUP((J47*0.2)+J47,3))) -> -
A48: 54 | B48: See photo | C48: 9306 | D48: Polaris L/S | E48: Unisex - Unisex - Unisex | F48: S-2XL | G48: Color - Colour - Couleur | H48: 25 | I48: 1 | J48: 6.25 | K48: =IF(I48=1,(ROUNDUP((J48*0.05+J48),3)),ROUNDUP((J48*0.05+J48),3)) -> 6.563 | L48: =IF(I48=1,"-",IF(AND(I48="",L46="-"),"-",ROUNDUP((J48*0.2)+J48,3))) -> -
E49: Unisex - Unisex - Unisex | F49: 3XL | G49: Color - Colour - Couleur | J49: 6.6 | K49: =IF(I49=1,(ROUNDUP((J49*0.05+J49),3)),ROUNDUP((J49*0.05+J49),3)) -> 6.93 | L49: =IF(I49=1,"-",IF(AND(I49="",L47="-"),"-",ROUNDUP((J49*0.2)+J49,3))) -> -
E50: Unisex - Unisex - Unisex | F50: 4XL | G50: Color - Colour - Couleur | J50: 6.95 | K50: =IF(I50=1,(ROUNDUP((J50*0.05+J50),3)),ROUNDUP((J50*0.05+J50),3)) -> 7.298 | L50: =IF(I50=1,"-",IF(AND(I50="",L48="-"),"-",ROUNDUP((J50*0.2)+J50,3))) -> -
A51: 55 | B51: See photo | C51: 9302 | D51: Polaris | E51: Unisex - Unisex - Unisex | F51: S-2XL | G51: Color - Colour - Couleur | H51: 50 | I51: 1 | J51: 4.95 | K51: =IF(I51=1,(ROUNDUP((J51*0.05+J51),3)),ROUNDUP((J51*0.05+J51),3)) -> 5.198 | L51: =IF(I51=1,"-",IF(AND(I51="",L49="-"),"-",ROUNDUP((J51*0.2)+J51,3))) -> -
E52: Unisex - Unisex - Unisex | F52: 3XL | G52: Color - Colour - Couleur | J52: 5.5 | K52: =IF(I52=1,(ROUNDUP((J52*0.05+J52),3)),ROUNDUP((J52*0.05+J52),3)) -> 5.775 | L52: =IF(I52=1,"-",IF(AND(I52="",L50="-"),"-",ROUNDUP((J52*0.2)+J52,3))) -> -
E53: Unisex - Unisex - Unisex | F53: 4XL | G53: Color - Colour - Couleur | J53: 5.95 | K53: =IF(I53=1,(ROUNDUP((J53*0.05+J53),3)),ROUNDUP((J53*0.05+J53),3)) -> 6.248 | L53: =IF(I53=1,"-",IF(AND(I53="",L51="-"),"-",ROUNDUP((J53*0.2)+J53,3))) -> -
A54: 56 | B54: See photo | C54: 9313 | D54: Persei | E54: Unisex - Unisex - Unisex | F54: S-2XL | G54: Color - Colour - Couleur | H54: 20 | I54: 1 | J54: 13.95 | K54: =IF(I54=1,(ROUNDUP((J54*0.05+J54),3)),ROUNDUP((J54*0.05+J54),3)) -> 14.648 | L54: =IF(I54=1,"-",IF(AND(I54="",L52="-"),"-",ROUNDUP((J54*0.2)+J54,3))) -> -
E55: Unisex - Unisex - Unisex | F55: 3XL | G55: Color - Colour - Couleur | J55: 14.65 | K55: =IF(I55=1,(ROUNDUP((J55*0.05+J55),3)),ROUNDUP((J55*0.05+J55),3)) -> 15.383 | L55: =IF(I55=1,"-",IF(AND(I55="",L53="-"),"-",ROUNDUP((J55*0.2)+J55,3))) -> -
E56: Unisex - Unisex - Unisex | F56: 4XL | G56: Color - Colour - Couleur | J56: 15.4 | K56: =IF(I56=1,(ROUNDUP((J56*0.05+J56),3)),ROUNDUP((J56*0.05+J56),3)) -> 16.17 | L56: =IF(I56=1,"-",IF(AND(I56="",L54="-"),"-",ROUNDUP((J56*0.2)+J56,3))) -> -
A57: 58 | B57: See photo | C57: 9303 | D57: Antares | E57: Unisex - Unisex - Unisex | F57: S-2XL | G57: Color - Colour - Couleur | H57: 15 | I57: 1 | J57: 21.75 | K57: =IF(I57=1,(ROUNDUP((J57*0.05+J57),3)),ROUNDUP((J57*0.05+J57),3)) -> 22.838 | L57: =IF(I57=1,"-",IF(AND(I57="",L55="-"),"-",ROUNDUP((J57*0.2)+J57,3))) -> -
E58: Unisex - Unisex - Unisex | F58: 3XL | G58: Color - Colour - Couleur | J58: 22.95 | K58: =IF(I58=1,(ROUNDUP((J58*0.05+J58),3)),ROUNDUP((J58*0.05+J58),3)) -> 24.098 | L58: =IF(I58=1,"-",IF(AND(I58="",L56="-"),"-",ROUNDUP((J58*0.2)+J58,3))) -> -
E59: Unisex - Unisex - Unisex | F59: 4XL | G59: Color - Colour - Couleur | J59: 24 | K59: =IF(I59=1,(ROUNDUP((J59*0.05+J59),3)),ROUNDUP((J59*0.05+J59),3)) -> 25.2 | L59: =IF(I59=1,"-",IF(AND(I59="",L57="-"),"-",ROUNDUP((J59*0.2)+J59,3))) -> -
A60: 58 | B60: See photo | C60: 9314 | D60: Spica | E60: Unisex - Unisex - Unisex | F60: S-2XL | G60: Color - Colour - Couleur | H60: 25 | I60: 1 | J60: 10.95 | K60: =IF(I60=1,(ROUNDUP((J60*0.05+J60),3)),ROUNDUP((J60*0.05+J60),3)) -> 11.498 | L60: =IF(I60=1,"-",IF(AND(I60="",L58="-"),"-",ROUNDUP((J60*0.2)+J60,3))) -> -
E61: Unisex - Unisex - Unisex | F61: 3XL | G61: Color - Colour - Couleur | J61: 11.5 | K61: =IF(I61=1,(ROUNDUP((J61*0.05+J61),3)),ROUNDUP((J61*0.05+J61),3)) -> 12.075 | L61: =IF(I61=1,"-",IF(AND(I61="",L59="-"),"-",ROUNDUP((J61*0.2)+J61,3))) -> -
E62: Unisex - Unisex - Unisex | F62: 4XL | G62: Color - Colour - Couleur | J62: 12 | K62: =IF(I62=1,(ROUNDUP((J62*0.05+J62),3)),ROUNDUP((J62*0.05+J62),3)) -> 12.6 | L62: =IF(I62=1,"-",IF(AND(I62="",L60="-"),"-",ROUNDUP((J62*0.2)+J62,3))) -> -
A63: 59 | B63: See photo | C63: 9305 | D63: Altair | E63: Unisex - Unisex - Unisex | F63: S-2XL | G63: Color - Colour - Couleur | H63: 15 | I63: 1 | J63: 11.85 | K63: =IF(I63=1,(ROUNDUP((J63*0.05+J63),3)),ROUNDUP((J63*0.05+J63),3)) -> 12.443 | L63: =IF(I63=1,"-",IF(AND(I63="",L61="-"),"-",ROUNDUP((J63*0.2)+J63,3))) -> -
E64: Unisex - Unisex - Unisex | F64: 3XL | G64: Color - Colour - Couleur | J64: 12.45 | K64: =IF(I64=1,(ROUNDUP((J64*0.05+J64),3)),ROUNDUP((J64*0.05+J64),3)) -> 13.073 | L64: =IF(I64=1,"-",IF(AND(I64="",L62="-"),"-",ROUNDUP((J64*0.2)+J64,3))) -> -
E65: Unisex - Unisex - Unisex | F65: 4XL | G65: Color - Colour - Couleur | J65: 13.1 | K65: =IF(I65=1,(ROUNDUP((J65*0.05+J65),3)),ROUNDUP((J65*0.05+J65),3)) -> 13.755 | L65: =IF(I65=1,"-",IF(AND(I65="",L63="-"),"-",ROUNDUP((J65*0.2)+J65,3))) -> -
A66: 61 | B66: See photo | C66: 9304 | D66: Epsylon | E66: Unisex - Unisex - Unisex | F66: S-2XL | G66: Color - Colour - Couleur | H66: 10 | I66: 1 | J66: 23.95 | K66: =IF(I66=1,(ROUNDUP((J66*0.05+J66),3)),ROUNDUP((J66*0.05+J66),3)) -> 25.148 | L66: =IF(I66=1,"-",IF(AND(I66="",L70="-"),"-",ROUNDUP((J66*0.2)+J66,3))) -> -
E67: Unisex - Unisex - Unisex | F67: 3XL | G67: Color - Colour - Couleur | J67: 25.15 | K67: =IF(I67=1,(ROUNDUP((J67*0.05+J67),3)),ROUNDUP((J67*0.05+J67),3)) -> 26.408 | L67: =IF(I67=1,"-",IF(AND(I67="",L71="-"),"-",ROUNDUP((J67*0.2)+J67,3))) -> -
E68: Unisex - Unisex - Unisex | F68: 4XL | G68: Color - Colour - Couleur | J68: 26.5 | K68: =IF(I68=1,(ROUNDUP((J68*0.05+J68),3)),ROUNDUP((J68*0.05+J68),3)) -> 27.825 | L68: =IF(I68=1,"-",IF(AND(I68="",L66="-"),"-",ROUNDUP((J68*0.2)+J68,3))) -> -
A69: 61 | B69: See photo | C69: 9320 | D69: Merak | E69: Unisex - Unisex - Unisex | F69: S-2XL | G69: Color - Colour - Couleur | H69: 10 | I69: 1 | J69: 21.95 | K69: =IF(I69=1,(ROUNDUP((J69*0.05+J69),3)),ROUNDUP((J69*0.05+J69),3)) -> 23.048 | L69: =IF(I69=1,"-",IF(AND(I69="",L64="-"),"-",ROUNDUP((J69*0.2)+J69,3))) -> -
E70: Unisex - Unisex - Unisex | F70: 3XL | G70: Color - Colour - Couleur | J70: 23.1 | K70: =IF(I70=1,(ROUNDUP((J70*0.05+J70),3)),ROUNDUP((J70*0.05+J70),3)) -> 24.255 | L70: =IF(I70=1,"-",IF(AND(I70="",L65="-"),"-",ROUNDUP((J70*0.2)+J70,3))) -> -
E71: Unisex - Unisex - Unisex | F71: 4XL | G71: Color - Colour - Couleur | J71: 24.3 | K71: =IF(I71=1,(ROUNDUP((J71*0.05+J71),3)),ROUNDUP((J71*0.05+J71),3)) -> 25.515 | L71: =IF(I71=1,"-",IF(AND(I71="",L69="-"),"-",ROUNDUP((J71*0.2)+J71,3))) -> -
A72: 62 | B72: See photo | C72: 9323 | D72: Beta | E72: Unisex - Unisex - Unisex | F72: M/L - XL/2XL | G72: Color - Colour - Couleur | H72: 50 | I72: 1 | J72: 10.95 | K72: =IF(I72=1,(ROUNDUP((J72*0.05+J72),3)),ROUNDUP((J72*0.05+J72),3)) -> 11.498 | L72: =IF(I72=1,"-",IF(AND(I72="",L67="-"),"-",ROUNDUP((J72*0.2)+J72,3))) -> -
E73: Unisex - Unisex - Unisex | F73: 3XL | G73: Color - Colour - Couleur | J73: 11.5 | K73: =IF(I73=1,(ROUNDUP((J73*0.05+J73),3)),ROUNDUP((J73*0.05+J73),3)) -> 12.075 | L73: =IF(I73=1,"-",IF(AND(I73="",L68="-"),"-",ROUNDUP((J73*0.2)+J73,3))) -> -
A74: 62 | B74: See photo | C74: 9311 | D74: Polux | E74: Unisex - Unisex - Unisex | F74: M/L - XL/2XL | G74: Color - Colour - Couleur | H74: 50 | I74: 1 | J74: 2.95 | K74: =IF(I74=1,(ROUNDUP((J74*0.05+J74),3)),ROUNDUP((J74*0.05+J74),3)) -> 3.098 | L74: =IF(I74=1,"-",IF(AND(I74="",L73="-"),"-",ROUNDUP((J74*0.2)+J74,3))) -> -
A75: 63 | B75: See photo | C75: 5063 | D75: Sirio | E75: Unisex - Unisex - Unisex | F75: M/L - XL/2XL | G75: Color - Colour - Couleur | H75: 100 | I75: 1 | J75: 1.38 | K75: =IF(I75=1,(ROUNDUP((J75*0.05+J75),3)),ROUNDUP((J75*0.05+J75),3)) -> 1.449 | L75: =IF(I75=1,"-",IF(AND(I75="",L72="-"),"-",ROUNDUP((J75*0.2)+J75,3))) -> -
A76: 65 | B76: NEW | C76: 9328 | D76: Lada | E76: Unisex - Unisex - Unisex | F76: S-2XL | G76: Color - Colour - Couleur | H76: 50 | I76: 1 | J76: 8.5 | K76: =IF(I76=1,(ROUNDUP((J76*0.05+J76),3)),ROUNDUP((J76*0.05+J76),3)) -> 8.925 | L76: =IF(I76=1,"-",IF(AND(I76="",L73="-"),"-",ROUNDUP((J76*0.2)+J76,3))) -> -
E77: Unisex - Unisex - Unisex | F77: 3XL | G77: Color - Colour - Couleur | J77: 8.95 | K77: =IF(I77=1,(ROUNDUP((J77*0.05+J77),3)),ROUNDUP((J77*0.05+J77),3)) -> 9.398 | L77: =IF(I77=1,"-",IF(AND(I77="",L74="-"),"-",ROUNDUP((J77*0.2)+J77,3))) -> -
A78: 67 | B78: See photo | C78: 9307 | D78: Daily HV | E78: Unisex - Unisex - Unisex | F78: 38-60 | G78: Color - Colour - Couleur | H78: 25 | I78: 1 | J78: 8.6 | K78: =IF(I78=1,(ROUNDUP((J78*0.05+J78),3)),ROUNDUP((J78*0.05+J78),3)) -> 9.03 | L78: =IF(I78=1,"-",IF(AND(I78="",L75="-"),"-",ROUNDUP((J78*0.2)+J78,3))) -> -
A79: 67 | B79: See photo | C79: 9309 | D79: Alfa | E79: Unisex - Unisex - Unisex | F79: 38-60 | G79: Color - Colour - Couleur | H79: 25 | I79: 1 | J79: 9.95 | K79: =IF(I79=1,(ROUNDUP((J79*0.05+J79),3)),ROUNDUP((J79*0.05+J79),3)) -> 10.448 | L79: =IF(I79=1,"-",IF(AND(I79="",L74="-"),"-",ROUNDUP((J79*0.2)+J79,3))) -> -
A80: 68 | B80: See photo | C80: 9321 | D80: Enix | E80: Unisex - Unisex - Unisex | F80: 38-60 | G80: Color - Colour - Couleur | H80: 20 | I80: 1 | J80: 13.65 | K80: =IF(I80=1,(ROUNDUP((J80*0.05+J80),3)),ROUNDUP((J80*0.05+J80),3)) -> 14.333 | L80: =IF(I80=1,"-",IF(AND(I80="",L78="-"),"-",ROUNDUP((J80*0.2)+J80,3))) -> -
A81: 68 | B81: See photo | C81: 9312 | D81: Daily strech HV | E81: Unisex - Unisex - Unisex | F81: 38-60 | G81: Color - Colour - Couleur | H81: 25 | I81: 1 | J81: 12.95 | K81: =IF(I81=1,(ROUNDUP((J81*0.05+J81),3)),ROUNDUP((J81*0.05+J81),3)) -> 13.598 | L81: =IF(I81=1,"-",IF(AND(I81="",L79="-"),"-",ROUNDUP((J81*0.2)+J81,3))) -> -
A82: 71 | B82: See photo | C82: 9301 | D82: Soan | E82: Unisex - Unisex - Unisex | F82: 38-60 | G82: Color - Colour - Couleur | H82: 25 | I82: 1 | J82: 9.2 | K82: =IF(I82=1,(ROUNDUP((J82*0.05+J82),3)),ROUNDUP((J82*0.05+J82),3)) -> 9.66 | L82: =IF(I82=1,"-",IF(AND(I82="",L81="-"),"-",ROUNDUP((J82*0.2)+J82,3))) -> -
A83: 71 | B83: See photo | C83: 9300 | D83: Naos | E83: Unisex - Unisex - Unisex | F83: 38-60 | G83: Color - Colour - Couleur | H83: 25 | I83: 1 | J83: 8.95 | K83: =IF(I83=1,(ROUNDUP((J83*0.05+J83),3)),ROUNDUP((J83*0.05+J83),3)) -> 9.398 | L83: =IF(I83=1,"-",IF(AND(I83="",L80="-"),"-",ROUNDUP((J83*0.2)+J83,3))) -> -
A84: IGNIFUGOS · FIRE RETARDANT · IGNIFUGER
A85: 79 | B85: See photo | C85: 9401 | D85: Defender | E85: Unisex - Unisex - Unisex | F85: S-2XL | G85: Color - Colour - Couleur | H85: 50 | I85: 1 | J85: 19.95 | K85: =IF(I85=1,(ROUNDUP((J85*0.05+J85),3)),ROUNDUP((J85*0.05+J85),3)) -> 20.948 | L85: =IF(I85=1,"-",IF(AND(I85="",L82="-"),"-",ROUNDUP((J85*0.2)+J85,3))) -> -
E86: Unisex - Unisex - Unisex | F86: 3XL | G86: Color - Colour - Couleur | J86: 20.95 | K86: =IF(I86=1,(ROUNDUP((J86*0.05+J86),3)),ROUNDUP((J86*0.05+J86),3)) -> 21.998 | L86: =IF(I85=1,"-",IF(AND(I85="",L84="-"),"-",ROUNDUP((J86*0.2)+J86,3))) -> -
E87: Unisex - Unisex - Unisex | F87: 4XL | G87: Color - Colour - Couleur | J87: 21.95 | K87: =IF(I87=1,(ROUNDUP((J87*0.05+J87),3)),ROUNDUP((J87*0.05+J87),3)) -> 23.048 | L87: =IF(I87=1,"-",IF(AND(I87="",L85="-"),"-",ROUNDUP((J87*0.2)+J87,3))) -> -
A88: 79 | B88: See photo | C88: 9402 | D88: Santana | E88: Unisex - Unisex - Unisex | F88: S-2XL | G88: Color - Colour - Couleur | H88: 25 | I88: 1 | J88: 22.95 | K88: =IF(I88=1,(ROUNDUP((J88*0.05+J88),3)),ROUNDUP((J88*0.05+J88),3)) -> 24.098 | L88: =IF(I88=1,"-",IF(AND(I88="",L86="-"),"-",ROUNDUP((J88*0.2)+J88,3))) -> -
E89: Unisex - Unisex - Unisex | F89: 3XL | G89: Color - Colour - Couleur | J89: 24 | K89: =IF(I89=1,(ROUNDUP((J89*0.05+J89),3)),ROUNDUP((J89*0.05+J89),3)) -> 25.2 | L89: =IF(I89=1,"-",IF(AND(I89="",L87="-"),"-",ROUNDUP((J89*0.2)+J89,3))) -> -
E90: Unisex - Unisex - Unisex | F90: 4XL | G90: Color - Colour - Couleur | J90: 25 | K90: =IF(I90=1,(ROUNDUP((J90*0.05+J90),3)),ROUNDUP((J90*0.05+J90),3)) -> 26.25 | L90: =IF(I90=1,"-",IF(AND(I90="",L88="-"),"-",ROUNDUP((J90*0.2)+J90,3))) -> -
A91: 81 | B91: See photo | C91: 9403 | D91: Cruiser | E91: Unisex - Unisex - Unisex | F91: S-2XL | G91: Color - Colour - Couleur | H91: 20 | I91: 1 | J91: 24.95 | K91: =IF(I91=1,(ROUNDUP((J91*0.05+J91),3)),ROUNDUP((J91*0.05+J91),3)) -> 26.198 | L91: =IF(I91=1,"-",IF(AND(I91="",L89="-"),"-",ROUNDUP((J91*0.2)+J91,3))) -> -
E92: Unisex - Unisex - Unisex | F92: 3XL | G92: Color - Colour - Couleur | J92: 26 | K92: =IF(I92=1,(ROUNDUP((J92*0.05+J92),3)),ROUNDUP((J92*0.05+J92),3)) -> 27.3 | L92: =IF(I92=1,"-",IF(AND(I92="",L90="-"),"-",ROUNDUP((J92*0.2)+J92,3))) -> -
E93: Unisex - Unisex - Unisex | F93: 4XL | G93: Color - Colour - Couleur | J93: 27 | K93: =IF(I93=1,(ROUNDUP((J93*0.05+J93),3)),ROUNDUP((J93*0.05+J93),3)) -> 28.35 | L93: =IF(I93=1,"-",IF(AND(I93="",L91="-"),"-",ROUNDUP((J93*0.2)+J93,3))) -> -
A94: 81 | B94: See photo | C94: 9400 | D94: Ranger | E94: Unisex - Unisex - Unisex | F94: 38-60 | G94: Color - Colour - Couleur | H94: 25 | I94: 1 | J94: 19.95 | K94: =IF(I94=1,(ROUNDUP((J94*0.05+J94),3)),ROUNDUP((J94*0.05+J94),3)) -> 20.948 | L94: =IF(I94=1,"-",IF(AND(I94="",L92="-"),"-",ROUNDUP((J94*0.2)+J94,3))) -> -
A95: 83 | B95: See photo | C95: 9404 | D95: Blazer | E95: Unisex - Unisex - Unisex | F95: S-2XL | G95: Color - Colour - Couleur | H95: 15 | I95: 1 | J95: 35.95 | K95: =IF(I95=1,(ROUNDUP((J95*0.05+J95),3)),ROUNDUP((J95*0.05+J95),3)) -> 37.748 | L95: =IF(I95=1,"-",IF(AND(I95="",L93="-"),"-",ROUNDUP((J95*0.2)+J95,3))) -> -
E96: Unisex - Unisex - Unisex | F96: 3XL | G96: Color - Colour - Couleur | J96: 37.75 | K96: =IF(I96=1,(ROUNDUP((J96*0.05+J96),3)),ROUNDUP((J96*0.05+J96),3)) -> 39.638 | L96: =IF(I96=1,"-",IF(AND(I96="",L94="-"),"-",ROUNDUP((J96*0.2)+J96,3))) -> -
E97: Unisex - Unisex - Unisex | F97: 4XL | G97: Color - Colour - Couleur | J97: 39 | K97: =IF(I97=1,(ROUNDUP((J97*0.05+J97),3)),ROUNDUP((J97*0.05+J97),3)) -> 40.95 | L97: =IF(I97=1,"-",IF(AND(I97="",L95="-"),"-",ROUNDUP((J97*0.2)+J97,3))) -> -
A98: SERVICES · SERVICES · SERVICES
A99: 87 | B99: NEW | C99: 9327 | D99: Kutta | E99: Hombre - Man - Homme | F99: XS-2XL | G99: Blanco - White - Blanc | H99: 15 | I99: 1 | J99: 1.98 | K99: =IF(I99=1,(ROUNDUP((J99*0.05+J99),3)),ROUNDUP((J99*0.05+J99),3)) -> 2.079 | L99: =IF(I99=1,"-",IF(AND(I99="",L91="-"),"-",ROUNDUP((J99*0.2)+J99,3))) -> -
E100: Hombre - Man - Homme | F100: 3XL | G100: Blanco - White - Blanc | J100: 2.65 | K100: =IF(I100=1,(ROUNDUP((J100*0.05+J100),3)),ROUNDUP((J100*0.05+J100),3)) -> 2.783 | L100: =IF(I100=1,"-",IF(AND(I100="",L92="-"),"-",ROUNDUP((J100*0.2)+J100,3))) -> -
...

Sheet PVP 2026
A1: TARIFA PVP · PVP PRICE LIST · TARIF PVP
A2: Pág. | B2: Link | C2: Ref. | D2: Nombre | E2: Género | F2: Talla | G2: Color | H2: Ud/Caja | I2: Ud/Pack | J2: Caja | K2: Pack | L2: Unid.
A3: Page | B3: Link | C3: Ref. | D3: Name | E3: Gender | F3: Size | G3: Colour | H3: Units/box | I3: Units/pack | J3: Box | K3: Pack | L3: Unit
A4: Page | B4: Link | C4: Ref. | D4: Nom | E4: Genre | F4: Taille | G4: Couleur | H4: Unité/carton | I4: Unité/blister | J4: Carton | K4: Blister | L4: Unité
A5: FOOTWEAR
A6: 12 | B6: NEW | C6: 8397 | D6: Beryl | E6: Unisex - Unisex - Unisex | F6: 34-50 | G6: Color - Colour - Couleur | H6: 10 | I6: 1 | J6: =ROUNDUP('Tarifa 2026'!J7*(1+Instructions!$AA$9),3) -> 61.8 | K6: =IF(I6=1,(ROUNDUP((J6*0.05+J6),3)),ROUNDUP((J6*0.05+J6),3)) -> 64.89 | L6: =IF(I6=1,"-",IF(AND(I6="",L4="-"),"-",ROUNDUP((J6*0.2)+J6,3))) -> -
A7: 14 | B7: NEW | C7: 8392 | D7: Onyx | E7: Unisex - Unisex - Unisex | F7: 34-50 | G7: Color - Colour - Couleur | H7: 10 | I7: 1 | J7: =ROUNDUP('Tarifa 2026'!J8*(1+Instructions!$AA$9),3) -> 49 | K7: =IF(I7=1,(ROUNDUP((J7*0.05+J7),3)),ROUNDUP((J7*0.05+J7),3)) -> 51.45 | L7: =IF(I7=1,"-",IF(AND(I7="",L5="-"),"-",ROUNDUP((J7*0.2)+J7,3))) -> -
A8: 16 | B8: See photo | C8: 8385 | D8: Vitinja | E8: Unisex - Unisex - Unisex | F8: 36-48 | G8: Color - Colour - Couleur | H8: 10 | I8: 1 | J8: =ROUNDUP('Tarifa 2026'!J9*(1+Instructions!$AA$9),3) -> 74.5 | K8: =IF(I8=1,(ROUNDUP((J8*0.05+J8),3)),ROUNDUP((J8*0.05+J8),3)) -> 78.225 | L8: =IF(I8=1,"-",IF(AND(I8="",L6="-"),"-",ROUNDUP((J8*0.2)+J8,3))) -> -
A9: 18 | B9: NEW | C9: 8395 | D9: Ruby | E9: Unisex - Unisex - Unisex | F9: 34-50 | G9: Color - Colour - Couleur | H9: 10 | I9: 1 | J9: =ROUNDUP('Tarifa 2026'!J10*(1+Instructions!$AA$9),3) -> 53 | K9: =IF(I9=1,(ROUNDUP((J9*0.05+J9),3)),ROUNDUP((J9*0.05+J9),3)) -> 55.65 | L9: =IF(I9=1,"-",IF(AND(I9="",L7="-"),"-",ROUNDUP((J9*0.2)+J9,3))) -> -
A10: 18 | B10: NEW | C10: 8394 | D10: Garnet | E10: Unisex - Unisex - Unisex | F10: 34-50 | G10: Color - Colour - Couleur | H10: 10 | I10: 1 | J10: =ROUNDUP('Tarifa 2026'!J11*(1+Instructions!$AA$9),3) -> 54.5 | K10: =IF(I10=1,(ROUNDUP((J10*0.05+J10),3)),ROUNDUP((J10*0.05+J10),3)) -> 57.225 | L10: =IF(I10=1,"-",IF(AND(I10="",L8="-"),"-",ROUNDUP((J10*0.2)+J10,3))) -> -
A11: 20 | B11: See photo | C11: 8382 | D11: Ulmus | E11: Unisex - Unisex - Unisex | F11: 36-48 | G11: Color - Colour - Couleur | H11: 10 | I11: 1 | J11: =ROUNDUP('Tarifa 2026'!J12*(1+Instructions!$AA$9),3) -> 54.6 | K11: =IF(I11=1,(ROUNDUP((J11*0.05+J11),3)),ROUNDUP((J11*0.05+J11),3)) -> 57.33 | L11: =IF(I11=1,"-",IF(AND(I11="",L9="-"),"-",ROUNDUP((J11*0.2)+J11,3))) -> -
A12: 22 | B12: See photo | C12: 8383 | D12: Ceryson | E12: Unisex - Unisex - Unisex | F12: 36-48 | G12: Color - Colour - Couleur | H12: 10 | I12: 1 | J12: =ROUNDUP('Tarifa 2026'!J13*(1+Instructions!$AA$9),3) -> 56.5 | K12: =IF(I12=1,(ROUNDUP((J12*0.05+J12),3)),ROUNDUP((J12*0.05+J12),3)) -> 59.325 | L12: =IF(I12=1,"-",IF(AND(I12="",L10="-"),"-",ROUNDUP((J12*0.2)+J12,3))) -> -
A13: 24 | B13: See photo | C13: 8380 | D13: Kercus | E13: Unisex - Unisex - Unisex | F13: 36-48 | G13: Color - Colour - Couleur | H13: 10 | I13: 1 | J13: =ROUNDUP('Tarifa 2026'!J14*(1+Instructions!$AA$9),3) -> 60.7 | K13: =IF(I13=1,(ROUNDUP((J13*0.05+J13),3)),ROUNDUP((J13*0.05+J13),3)) -> 63.735 | L13: =IF(I13=1,"-",IF(AND(I13="",L11="-"),"-",ROUNDUP((J13*0.2)+J13,3))) -> -
A14: 26 | B14: See photo | C14: 8381 | D14: Giskan | E14: Unisex - Unisex - Unisex | F14: 36-48 | G14: Color - Colour - Couleur | H14: 10 | I14: 1 | J14: =ROUNDUP('Tarifa 2026'!J15*(1+Instructions!$AA$9),3) -> 62.3 | K14: =IF(I14=1,(ROUNDUP((J14*0.05+J14),3)),ROUNDUP((J14*0.05+J14),3)) -> 65.415 | L14: =IF(I14=1,"-",IF(AND(I14="",L12="-"),"-",ROUNDUP((J14*0.2)+J14,3))) -> -
A15: 28 | B15: See photo | C15: 8384 | D15: Noboa | E15: Unisex - Unisex - Unisex | F15: 36-48 | G15: Color - Colour - Couleur | H15: 10 | I15: 1 | J15: =ROUNDUP('Tarifa 2026'!J16*(1+Instructions!$AA$9),3) -> 60.2 | K15: =IF(I15=1,(ROUNDUP((J15*0.05+J15),3)),ROUNDUP((J15*0.05+J15),3)) -> 63.21 | L15: =IF(I15=1,"-",IF(AND(I15="",L13="-"),"-",ROUNDUP((J15*0.2)+J15,3))) -> -
A16: 30 | B16: NEW | C16: 8388 | D16: Brax | E16: Unisex - Unisex - Unisex | F16: 35-50 | G16: Color - Colour - Couleur | H16: 10 | I16: 1 | J16: =ROUNDUP('Tarifa 2026'!J17*(1+Instructions!$AA$9),3) -> 40.5 | K16: =IF(I16=1,(ROUNDUP((J16*0.05+J16),3)),ROUNDUP((J16*0.05+J16),3)) -> 42.525 | L16: =IF(I16=1,"-",IF(AND(I16="",L14="-"),"-",ROUNDUP((J16*0.2)+J16,3))) -> -
A17: 32 | B17: NEW | C17: 8389 | D17: Iron | E17: Unisex - Unisex - Unisex | F17: 35-50 | G17: Color - Colour - Couleur | H17: 10 | I17: 1 | J17: =ROUNDUP('Tarifa 2026'!J18*(1+Instructions!$AA$9),3) -> 43 | K17: =IF(I17=1,(ROUNDUP((J17*0.05+J17),3)),ROUNDUP((J17*0.05+J17),3)) -> 45.15 | L17: =IF(I17=1,"-",IF(AND(I17="",L15="-"),"-",ROUNDUP((J17*0.2)+J17,3))) -> -
... A23: 42 | B23: NEW | C23: 8396 | D23: Basalt | E23: Unisex - Unisex - Unisex | F23: 34-50 | G23: Color - Colour - Couleur | H23: 10 | I23: 1 | J23: =ROUNDUP('Tarifa 2026'!J24*(1+Instructions!$AA$9),3) -> 63 | K23: =IF(I23=1,(ROUNDUP((J23*0.05+J23),3)),ROUNDUP((J23*0.05+J23),3)) -> 66.15 | L23: =IF(I23=1,"-",IF(AND(I23="",L21="-"),"-",ROUNDUP((J23*0.2)+J23,3))) -> -
A24: ALTA VISIBILIDAD · HI-VIZ · HAUTE VISIBILITÉ
A25: 49 | B25: NEW | C25: 9324 | D25: Foran | E25: Unisex - Unisex - Unisex | F25: XS-2XL | G25: Color - Colour - Couleur | H25: 50 | I25: 1 | J25: =ROUNDUP('Tarifa 2026'!J26*(1+Instructions!$AA$9),3) -> 15.9 | K25: =IF(I25=1,(ROUNDUP((J25*0.05+J25),3)),ROUNDUP((J25*0.05+J25),3)) -> 16.695 | L25: =IF(I25=1,"-",IF(AND(I25="",L11="-"),"-",ROUNDUP((J25*0.2)+J25,3))) -> -
E26: Unisex - Unisex - Unisex | F26: 3XL | G26: Color - Colour - Couleur | J26: =ROUNDUP('Tarifa 2026'!J27*(1+Instructions!$AA$9),3) -> 16.7 | K26: =IF(I26=1,(ROUNDUP((J26*0.05+J26),3)),ROUNDUP((J26*0.05+J26),3)) -> 17.535 | L26: =IF(I26=1,"-",IF(AND(I26="",L12="-"),"-",ROUNDUP((J26*0.2)+J26,3))) -> -
A27: 49 | B27: NEW | C27: 9325 | D27: Foran L/S | E27: Unisex - Unisex - Unisex | F27: XS-2XL | G27: Color - Colour - Couleur | H27: 25 | I27: 1 | J27: =ROUNDUP('Tarifa 2026'!J28*(1+Instructions!$AA$9),3) -> 19.9 | K27: =IF(I27=1,(ROUNDUP((J27*0.05+J27),3)),ROUNDUP((J27*0.05+J27),3)) -> 20.895 | L27: =IF(I27=1,"-",IF(AND(I27="",L13="-"),"-",ROUNDUP((J27*0.2)+J27,3))) -> -
E28: Unisex - Unisex - Unisex | F28: 3XL | G28: Color - Colour - Couleur | J28: =ROUNDUP('Tarifa 2026'!J29*(1+Instructions!$AA$9),3) -> 21 | K28: =IF(I28=1,(ROUNDUP((J28*0.05+J28),3)),ROUNDUP((J28*0.05+J28),3)) -> 22.05 | L28: =IF(I28=1,"-",IF(AND(I28="",L14="-"),"-",ROUNDUP((J28*0.2)+J28,3))) -> -
A29: 50 | B29: See photo | C29: 9317 | D29: Tauri | E29: Unisex - Unisex - Unisex | F29: S-2XL | G29: Color - Colour - Couleur | H29: 50 | I29: 1 | J29: =ROUNDUP('Tarifa 2026'!J30*(1+Instructions!$AA$9),3) -> 17.9 | K29: =IF(I29=1,(ROUNDUP((J29*0.05+J29),3)),ROUNDUP((J29*0.05+J29),3)) -> 18.795 | L29: =IF(I29=1,"-",IF(AND(I29="",L27="-"),"-",ROUNDUP((J29*0.2)+J29,3))) -> -
E30: Unisex - Unisex - Unisex | F30: 3XL | G30: Color - Colour - Couleur | J30: =ROUNDUP('Tarifa 2026'!J31*(1+Instructions!$AA$9),3) -> 19.5 | K30: =IF(I30=1,(ROUNDUP((J30*0.05+J30),3)),ROUNDUP((J30*0.05+J30),3)) -> 20.475 | L30: =IF(I30=1,"-",IF(AND(I30="",L29="-"),"-",ROUNDUP((J30*0.2)+J30,3))) -> -
E31: Unisex - Unisex - Unisex | F31: 4XL | G31: Color - Colour - Couleur | J31: =ROUNDUP('Tarifa 2026'!J32*(1+Instructions!$AA$9),3) -> 20 | K31: =IF(I31=1,(ROUNDUP((J31*0.05+J31),3)),ROUNDUP((J31*0.05+J31),3)) -> 21 | L31: =IF(I31=1,"-",IF(AND(I31="",L29="-"),"-",ROUNDUP((J31*0.2)+J31,3))) -> -
A32: 50 | B32: See photo | C32: 9318 | D32: Atrio | E32: Unisex - Unisex - Unisex | F32: S-2XL | G32: Color - Colour - Couleur | H32: 50 | I32: 1 | J32: =ROUNDUP('Tarifa 2026'!J33*(1+Instructions!$AA$9),3) -> 19.9 | K32: =IF(I32=1,(ROUNDUP((J32*0.05+J32),3)),ROUNDUP((J32*0.05+J32),3)) -> 20.895 | L32: =IF(I32=1,"-",IF(AND(I32="",L30="-"),"-",ROUNDUP((J32*0.2)+J32,3))) -> -
E33: Unisex - Unisex - Unisex | F33: 3XL | G33: Color - Colour - Couleur | J33: =ROUNDUP('Tarifa 2026'!J34*(1+Instructions!$AA$9),3) -> 21 | K33: =IF(I33=1,(ROUNDUP((J33*0.05+J33),3)),ROUNDUP((J33*0.05+J33),3)) -> 22.05 | L33: =IF(I33=1,"-",IF(AND(I33="",L31="-"),"-",ROUNDUP((J33*0.2)+J33,3))) -> -
E34: Unisex - Unisex - Unisex | F34: 4XL | G34: Color - Colour - Couleur | J34: =ROUNDUP('Tarifa 2026'!J35*(1+Instructions!$AA$9),3) -> 22 | K34: =IF(I34=1,(ROUNDUP((J34*0.05+J34),3)),ROUNDUP((J34*0.05+J34),3)) -> 23.1 | L34: =IF(I34=1,"-",IF(AND(I34="",L32="-"),"-",ROUNDUP((J34*0.2)+J34,3))) -> -
A35: 51 | B35: See photo | C35: 9319 | D35: Atrio L/S | E35: Unisex - Unisex - Unisex | F35: S-2XL | G35: Color - Colour - Couleur | H35: 50 | I35: 1 | J35: =ROUNDUP('Tarifa 2026'!J36*(1+Instructions!$AA$9),3) -> 25 | K35: =IF(I35=1,(ROUNDUP((J35*0.05+J35),3)),ROUNDUP((J35*0.05+J35),3)) -> 26.25 | L35: =IF(I35=1,"-",IF(AND(I35="",L33="-"),"-",ROUNDUP((J35*0.2)+J35,3))) -> -
E36: Unisex - Unisex - Unisex | F36: 3XL | G36: Color - Colour - Couleur | J36: =ROUNDUP('Tarifa 2026'!J37*(1+Instructions!$AA$9),3) -> 26.3 | K36: =IF(I36=1,(ROUNDUP((J36*0.05+J36),3)),ROUNDUP((J36*0.05+J36),3)) -> 27.615 | L36: =IF(I36=1,"-",IF(AND(I36="",L34="-"),"-",ROUNDUP((J36*0.2)+J36,3))) -> -
E37: Unisex - Unisex - Unisex | F37: 4XL | G37: Color - Colour - Couleur | J37: =ROUNDUP('Tarifa 2026'!J38*(1+Instructions!$AA$9),3) -> 27.6 | K37: =IF(I37=1,(ROUNDUP((J37*0.05+J37),3)),ROUNDUP((J37*0.05+J37),3)) -> 28.98 | L37: =IF(I37=1,"-",IF(AND(I37="",L35="-"),"-",ROUNDUP((J37*0.2)+J37,3))) -> -
A38: 52 | B38: See photo | C38: 9315 | D38: Vega | E38: Unisex - Unisex - Unisex | F38: S-2XL | G38: Color - Colour - Couleur | H38: 50 | I38: 1 | J38: =ROUNDUP('Tarifa 2026'!J39*(1+Instructions!$AA$9),3) -> 13 | K38: =IF(I38=1,(ROUNDUP((J38*0.05+J38),3)),ROUNDUP((J38*0.05+J38),3)) -> 13.65 | L38: =IF(I38=1,"-",IF(AND(I38="",L36="-"),"-",ROUNDUP((J38*0.2)+J38,3))) -> -
E39: Unisex - Unisex - Unisex | F39: 3XL | G39: Color - Colour - Couleur | J39: =ROUNDUP('Tarifa 2026'!J40*(1+Instructions!$AA$9),3) -> 13.8 | K39: =IF(I39=1,(ROUNDUP((J39*0.05+J39),3)),ROUNDUP((J39*0.05+J39),3)) -> 14.49 | L39: =IF(I39=1,"-",IF(AND(I39="",L37="-"),"-",ROUNDUP((J39*0.2)+J39,3))) -> -
E40: Unisex - Unisex - Unisex | F40: 4XL | G40: Color - Colour - Couleur | J40: =ROUNDUP('Tarifa 2026'!J41*(1+Instructions!$AA$9),3) -> 14.5 | K40: =IF(I40=1,(ROUNDUP((J40*0.05+J40),3)),ROUNDUP((J40*0.05+J40),3)) -> 15.225 | L40: =IF(I40=1,"-",IF(AND(I40="",L38="-"),"-",ROUNDUP((J40*0.2)+J40,3))) -> -
A41: 52 | B41: See photo | C41: 9316 | D41: Vega L/S | E41: Unisex - Unisex - Unisex | F41: S-2XL | G41: Color - Colour - Couleur | H41: 25 | I41: 1 | J41: =ROUNDUP('Tarifa 2026'!J42*(1+Instructions!$AA$9),3) -> 17 | K41: =IF(I41=1,(ROUNDUP((J41*0.05+J41),3)),ROUNDUP((J41*0.05+J41),3)) -> 17.85 | L41: =IF(I41=1,"-",IF(AND(I41="",L39="-"),"-",ROUNDUP((J41*0.2)+J41,3))) -> -
E42: Unisex - Unisex - Unisex | F42: 3XL | G42: Color - Colour - Couleur | J42: =ROUNDUP('Tarifa 2026'!J43*(1+Instructions!$AA$9),3) -> 17.9 | K42: =IF(I42=1,(ROUNDUP((J42*0.05+J42),3)),ROUNDUP((J42*0.05+J42),3)) -> 18.795 | L42: =IF(I42=1,"-",IF(AND(I42="",L40="-"),"-",ROUNDUP((J42*0.2)+J42,3))) -> -
E43: Unisex - Unisex - Unisex | F43: 4XL | G43: Color - Colour - Couleur | J43: =ROUNDUP('Tarifa 2026'!J44*(1+Instructions!$AA$9),3) -> 19 | K43: =IF(I43=1,(ROUNDUP((J43*0.05+J43),3)),ROUNDUP((J43*0.05+J43),3)) -> 19.95 | L43: =IF(I43=1,"-",IF(AND(I43="",L41="-"),"-",ROUNDUP((J43*0.2)+J43,3))) -> -
A44: 54 | B44: See photo | C44: 9310 | D44: Delta | E44: Unisex - Unisex - Unisex | F44: S-2XL | G44: Color - Colour - Couleur | H44: 50 | I44: 1 | J44: =ROUNDUP('Tarifa 2026'!J45*(1+Instructions!$AA$9),3) -> 9.3 | K44: =IF(I44=1,(ROUNDUP((J44*0.05+J44),3)),ROUNDUP((J44*0.05+J44),3)) -> 9.765 | L44: =IF(I44=1,"-",IF(AND(I44="",L42="-"),"-",ROUNDUP((J44*0.2)+J44,3))) -> -
E45: Unisex - Unisex - Unisex | F45: 3XL | G45: Color - Colour - Couleur | J45: =ROUNDUP('Tarifa 2026'!J46*(1+Instructions!$AA$9),3) -> 9.8 | K45: =IF(I45=1,(ROUNDUP((J45*0.05+J45),3)),ROUNDUP((J45*0.05+J45),3)) -> 10.29 | L45: =IF(I45=1,"-",IF(AND(I45="",L43="-"),"-",ROUNDUP((J45*0.2)+J45,3))) -> -
E46: Unisex - Unisex - Unisex | F46: 4XL | G46: Color - Colour - Couleur | J46: =ROUNDUP('Tarifa 2026'!J47*(1+Instructions!$AA$9),3) -> 10.4 | K46: =IF(I46=1,(ROUNDUP((J46*0.05+J46),3)),ROUNDUP((J46*0.05+J46),3)) -> 10.92 | L46: =IF(I46=1,"-",IF(AND(I46="",L44="-"),"-",ROUNDUP((J46*0.2)+J46,3))) -> -
A47: 54 | B47: See photo | C47: 9306 | D47: Polaris L/S | E47: Unisex - Unisex - Unisex | F47: S-2XL | G47: Color - Colour - Couleur | H47: 25 | I47: 1 | J47: =ROUNDUP('Tarifa 2026'!J48*(1+Instructions!$AA$9),3) -> 12.5 | K47: =IF(I47=1,(ROUNDUP((J47*0.05+J47),3)),ROUNDUP((J47*0.05+J47),3)) -> 13.125 | L47: =IF(I47=1,"-",IF(AND(I47="",L45="-"),"-",ROUNDUP((J47*0.2)+J47,3))) -> -
E48: Unisex - Unisex - Unisex | F48: 3XL | G48: Color - Colour - Couleur | J48: =ROUNDUP('Tarifa 2026'!J49*(1+Instructions!$AA$9),3) -> 13.2 | K48: =IF(I48=1,(ROUNDUP((J48*0.05+J48),3)),ROUNDUP((J48*0.05+J48),3)) -> 13.86 | L48: =IF(I48=1,"-",IF(AND(I48="",L46="-"),"-",ROUNDUP((J48*0.2)+J48,3))) -> -
E49: Unisex - Unisex - Unisex | F49: 4XL | G49: Color - Colour - Couleur | J49: =ROUNDUP('Tarifa 2026'!J50*(1+Instructions!$AA$9),3) -> 13.9 | K49: =IF(I49=1,(ROUNDUP((J49*0.05+J49),3)),ROUNDUP((J49*0.05+J49),3)) -> 14.595 | L49: =IF(I49=1,"-",IF(AND(I49="",L47="-"),"-",ROUNDUP((J49*0.2)+J49,3))) -> -
A50: 55 | B50: See photo | C50: 9302 | D50: Polaris | E50: Unisex - Unisex - Unisex | F50: S-2XL | G50: Color - Colour - Couleur | H50: 50 | I50: 1 | J50: =ROUNDUP('Tarifa 2026'!J51*(1+Instructions!$AA$9),3) -> 9.9 | K50: =IF(I50=1,(ROUNDUP((J50*0.05+J50),3)),ROUNDUP((J50*0.05+J50),3)) -> 10.395 | L50: =IF(I50=1,"-",IF(AND(I50="",L48="-"),"-",ROUNDUP((J50*0.2)+J50,3))) -> -
E51: Unisex - Unisex - Unisex | F51: 3XL | G51: Color - Colour - Couleur | J51: =ROUNDUP('Tarifa 2026'!J52*(1+Instructions!$AA$9),3) -> 11 | K51: =IF(I51=1,(ROUNDUP((J51*0.05+J51),3)),ROUNDUP((J51*0.05+J51),3)) -> 11.55 | L51: =IF(I51=1,"-",IF(AND(I51="",L49="-"),"-",ROUNDUP((J51*0.2)+J51,3))) -> -
E52: Unisex - Unisex - Unisex | F52: 4XL | G52: Color - Colour - Couleur | J52: =ROUNDUP('Tarifa 2026'!J53*(1+Instructions!$AA$9),3) -> 11.9 | K52: =IF(I52=1,(ROUNDUP((J52*0.05+J52),3)),ROUNDUP((J52*0.05+J52),3)) -> 12.495 | L52: =IF(I52=1,"-",IF(AND(I52="",L50="-"),"-",ROUNDUP((J52*0.2)+J52,3))) -> -
A53: 56 | B53: See photo | C53: 9313 | D53: Persei | E53: Unisex - Unisex - Unisex | F53: S-2XL | G53: Color - Colour - Couleur | H53: 20 | I53: 1 | J53: =ROUNDUP('Tarifa 2026'!J54*(1+Instructions!$AA$9),3) -> 27.9 | K53: =IF(I53=1,(ROUNDUP((J53*0.05+J53),3)),ROUNDUP((J53*0.05+J53),3)) -> 29.295 | L53: =IF(I53=1,"-",IF(AND(I53="",L51="-"),"-",ROUNDUP((J53*0.2)+J53,3))) -> -
E54: Unisex - Unisex - Unisex | F54: 3XL | G54: Color - Colour - Couleur | J54: =ROUNDUP('Tarifa 2026'!J55*(1+Instructions!$AA$9),3) -> 29.3 | K54: =IF(I54=1,(ROUNDUP((J54*0.05+J54),3)),ROUNDUP((J54*0.05+J54),3)) -> 30.765 | L54: =IF(I54=1,"-",IF(AND(I54="",L52="-"),"-",ROUNDUP((J54*0.2)+J54,3))) -> -
E55: Unisex - Unisex - Unisex | F55: 4XL | G55: Color - Colour - Couleur | J55: =ROUNDUP('Tarifa 2026'!J56*(1+Instructions!$AA$9),3) -> 30.8 | K55: =IF(I55=1,(ROUNDUP((J55*0.05+J55),3)),ROUNDUP((J55*0.05+J55),3)) -> 32.34 | L55: =IF(I55=1,"-",IF(AND(I55="",L53="-"),"-",ROUNDUP((J55*0.2)+J55,3))) -> -
A56: 58 | B56: See photo | C56: 9303 | D56: Antares | E56: Unisex - Unisex - Unisex | F56: S-2XL | G56: Color - Colour - Couleur | H56: 15 | I56: 1 | J56: =ROUNDUP('Tarifa 2026'!J57*(1+Instructions!$AA$9),3) -> 43.5 | K56: =IF(I56=1,(ROUNDUP((J56*0.05+J56),3)),ROUNDUP((J56*0.05+J56),3)) -> 45.675 | L56: =IF(I56=1,"-",IF(AND(I56="",L54="-"),"-",ROUNDUP((J56*0.2)+J56,3))) -> -
E57: Unisex - Unisex - Unisex | F57: 3XL | G57: Color - Colour - Couleur | J57: =ROUNDUP('Tarifa 2026'!J58*(1+Instructions!$AA$9),3) -> 45.9 | K57: =IF(I57=1,(ROUNDUP((J57*0.05+J57),3)),ROUNDUP((J57*0.05+J57),3)) -> 48.195 | L57: =IF(I57=1,"-",IF(AND(I57="",L55="-"),"-",ROUNDUP((J57*0.2)+J57,3))) -> -
E58: Unisex - Unisex - Unisex | F58: 4XL | G58: Color - Colour - Couleur | J58: =ROUNDUP('Tarifa 2026'!J59*(1+Instructions!$AA$9),3) -> 48 | K58: =IF(I58=1,(ROUNDUP((J58*0.05+J58),3)),ROUNDUP((J58*0.05+J58),3)) -> 50.4 | L58: =IF(I58=1,"-",IF(AND(I58="",L56="-"),"-",ROUNDUP((J58*0.2)+J58,3))) -> -
A59: 58 | B59: See photo | C59: 9314 | D59: Spica | E59: Unisex - Unisex - Unisex | F59: S-2XL | G59: Color - Colour - Couleur | H59: 25 | I59: 1 | J59: =ROUNDUP('Tarifa 2026'!J60*(1+Instructions!$AA$9),3) -> 21.9 | K59: =IF(I59=1,(ROUNDUP((J59*0.05+J59),3)),ROUNDUP((J59*0.05+J59),3)) -> 22.995 | L59: =IF(I59=1,"-",IF(AND(I59="",L57="-"),"-",ROUNDUP((J59*0.2)+J59,3))) -> -
E60: Unisex - Unisex - Unisex | F60: 3XL | G60: Color - Colour - Couleur | J60: =ROUNDUP('Tarifa 2026'!J61*(1+Instructions!$AA$9),3) -> 23 | K60: =IF(I60=1,(ROUNDUP((J60*0.05+J60),3)),ROUNDUP((J60*0.05+J60),3)) -> 24.15 | L60: =IF(I60=1,"-",IF(AND(I60="",L58="-"),"-",ROUNDUP((J60*0.2)+J60,3))) -> -
E61: Unisex - Unisex - Unisex | F61: 4XL | G61: Color - Colour - Couleur | J61: =ROUNDUP('Tarifa 2026'!J62*(1+Instructions!$AA$9),3) -> 24 | K61: =IF(I61=1,(ROUNDUP((J61*0.05+J61),3)),ROUNDUP((J61*0.05+J61),3)) -> 25.2 | L61: =IF(I61=1,"-",IF(AND(I61="",L59="-"),"-",ROUNDUP((J61*0.2)+J61,3))) -> -
A62: 59 | B62: See photo | C62: 9305 | D62: Altair | E62: Unisex - Unisex - Unisex | F62: S-2XL | G62: Color - Colour - Couleur | H62: 15 | I62: 1 | J62: =ROUNDUP('Tarifa 2026'!J63*(1+Instructions!$AA$9),3) -> 23.7 | K62: =IF(I62=1,(ROUNDUP((J62*0.05+J62),3)),ROUNDUP((J62*0.05+J62),3)) -> 24.885 | L62: =IF(I62=1,"-",IF(AND(I62="",L60="-"),"-",ROUNDUP((J62*0.2)+J62,3))) -> -
E63: Unisex - Unisex - Unisex | F63: 3XL | G63: Color - Colour - Couleur | J63: =ROUNDUP('Tarifa 2026'!J64*(1+Instructions!$AA$9),3) -> 24.9 | K63: =IF(I63=1,(ROUNDUP((J63*0.05+J63),3)),ROUNDUP((J63*0.05+J63),3)) -> 26.145 | L63: =IF(I63=1,"-",IF(AND(I63="",L61="-"),"-",ROUNDUP((J63*0.2)+J63,3))) -> -
E64: Unisex - Unisex - Unisex | F64: 4XL | G64: Color - Colour - Couleur | J64: =ROUNDUP('Tarifa 2026'!J65*(1+Instructions!$AA$9),3) -> 26.2 | K64: =IF(I64=1,(ROUNDUP((J64*0.05+J64),3)),ROUNDUP((J64*0.05+J64),3)) -> 27.51 | L64: =IF(I64=1,"-",IF(AND(I64="",L62="-"),"-",ROUNDUP((J64*0.2)+J64,3))) -> -
A65: 61 | B65: See photo | C65: 9304 | D65: Epsylon | E65: Unisex - Unisex - Unisex | F65: S-2XL | G65: Color - Colour - Couleur | H65: 10 | I65: 1 | J65: =ROUNDUP('Tarifa 2026'!J66*(1+Instructions!$AA$9),3) -> 47.9 | K65: =IF(I65=1,(ROUNDUP((J65*0.05+J65),3)),ROUNDUP((J65*0.05+J65),3)) -> 50.295 | L65: =IF(I65=1,"-",IF(AND(I65="",L63="-"),"-",ROUNDUP((J65*0.2)+J65,3))) -> -
E66: Unisex - Unisex - Unisex | F66: 3XL | G66: Color - Colour - Couleur | J66: =ROUNDUP('Tarifa 2026'!J67*(1+Instructions!$AA$9),3) -> 50.3 | K66: =IF(I66=1,(ROUNDUP((J66*0.05+J66),3)),ROUNDUP((J66*0.05+J66),3)) -> 52.815 | L66: =IF(I66=1,"-",IF(AND(I66="",L64="-"),"-",ROUNDUP((J66*0.2)+J66,3))) -> -
E67: Unisex - Unisex - Unisex | F67: 4XL | G67: Color - Colour - Couleur | J67: =ROUNDUP('Tarifa 2026'!J68*(1+Instructions!$AA$9),3) -> 53 | K67: =IF(I67=1,(ROUNDUP((J67*0.05+J67),3)),ROUNDUP((J67*0.05+J67),3)) -> 55.65 | L67: =IF(I67=1,"-",IF(AND(I67="",L65="-"),"-",ROUNDUP((J67*0.2)+J67,3))) -> -
A68: 61 | B68: See photo | C68: 9320 | D68: Merak | E68: Unisex - Unisex - Unisex | F68: S-2XL | G68: Color - Colour - Couleur | H68: 10 | I68: 1 | J68: =ROUNDUP('Tarifa 2026'!J69*(1+Instructions!$AA$9),3) -> 43.9 | K68: =IF(I68=1,(ROUNDUP((J68*0.05+J68),3)),ROUNDUP((J68*0.05+J68),3)) -> 46.095 | L68: =IF(I68=1,"-",IF(AND(I68="",L66="-"),"-",ROUNDUP((J68*0.2)+J68,3))) -> -
E69: Unisex - Unisex - Unisex | F69: 3XL | G69: Color - Colour - Couleur | J69: =ROUNDUP('Tarifa 2026'!J70*(1+Instructions!$AA$9),3) -> 46.2 | K69: =IF(I69=1,(ROUNDUP((J69*0.05+J69),3)),ROUNDUP((J69*0.05+J69),3)) -> 48.51 | L69: =IF(I69=1,"-",IF(AND(I69="",L67="-"),"-",ROUNDUP((J69*0.2)+J69,3))) -> -
E70: Unisex - Unisex - Unisex | F70: 4XL | G70: Color - Colour - Couleur | J70: =ROUNDUP('Tarifa 2026'!J71*(1+Instructions!$AA$9),3) -> 48.6 | K70: =IF(I70=1,(ROUNDUP((J70*0.05+J70),3)),ROUNDUP((J70*0.05+J70),3)) -> 51.03 | L70: =IF(I70=1,"-",IF(AND(I70="",L68="-"),"-",ROUNDUP((J70*0.2)+J70,3))) -> -
A71: 62 | B71: See photo | C71: 9323 | D71: Beta | E71: Unisex - Unisex - Unisex | F71: M/L - XL/2XL | G71: Color - Colour - Couleur | H71: 50 | I71: 1 | J71: =ROUNDUP('Tarifa 2026'!J72*(1+Instructions!$AA$9),3) -> 21.9 | K71: =IF(I71=1,(ROUNDUP((J71*0.05+J71),3)),ROUNDUP((J71*0.05+J71),3)) -> 22.995 | L71: =IF(I71=1,"-",IF(AND(I71="",L69="-"),"-",ROUNDUP((J71*0.2)+J71,3))) -> -
E72: Unisex - Unisex - Unisex | F72: 3XL | G72: Color - Colour - Couleur | J72: =ROUNDUP('Tarifa 2026'!J73*(1+Instructions!$AA$9),3) -> 23 | K72: =IF(I72=1,(ROUNDUP((J72*0.05+J72),3)),ROUNDUP((J72*0.05+J72),3)) -> 24.15 | L72: =IF(I72=1,"-",IF(AND(I72="",L70="-"),"-",ROUNDUP((J72*0.2)+J72,3))) -> -
A73: 62 | B73: See photo | C73: 9311 | D73: Polux | E73: Unisex - Unisex - Unisex | F73: M/L - XL/2XL | G73: Color - Colour - Couleur | H73: 50 | I73: 1 | J73: =ROUNDUP('Tarifa 2026'!J74*(1+Instructions!$AA$9),3) -> 5.9 | K73: =IF(I73=1,(ROUNDUP((J73*0.05+J73),3)),ROUNDUP((J73*0.05+J73),3)) -> 6.195 | L73: =IF(I73=1,"-",IF(AND(I73="",L71="-"),"-",ROUNDUP((J73*0.2)+J73,3))) -> -
A74: 63 | B74: See photo | C74: 5063 | D74: Sirio | E74: Unisex - Unisex - Unisex | F74: M/L - XL/2XL | G74: Color - Colour - Couleur | H74: 100 | I74: 1 | J74: =ROUNDUP('Tarifa 2026'!J75*(1+Instructions!$AA$9),3) -> 2.76 | K74: =IF(I74=1,(ROUNDUP((J74*0.05+J74),3)),ROUNDUP((J74*0.05+J74),3)) -> 2.898 | L74: =IF(I74=1,"-",IF(AND(I74="",L72="-"),"-",ROUNDUP((J74*0.2)+J74,3))) -> -
A75: 65 | B75: NEW | C75: 9328 | D75: Lada | E75: Unisex - Unisex - Unisex | F75: S-2XL | G75: Color - Colour - Couleur | H75: 50 | I75: 1 | J75: =ROUNDUP('Tarifa 2026'!J76*(1+Instructions!$AA$9),3) -> 17 | K75: =IF(I75=1,(ROUNDUP((J75*0.05+J75),3)),ROUNDUP((J75*0.05+J75),3)) -> 17.85 | L75: =IF(I75=1,"-",IF(AND(I75="",L73="-"),"-",ROUNDUP((J75*0.2)+J75,3))) -> -
E76: Unisex - Unisex - Unisex | F76: 3XL | G76: Color - Colour - Couleur | J76: =ROUNDUP('Tarifa 2026'!J77*(1+Instructions!$AA$9),3) -> 17.9 | K76: =IF(I76=1,(ROUNDUP((J76*0.05+J76),3)),ROUNDUP((J76*0.05+J76),3)) -> 18.795 | L76: =IF(I76=1,"-",IF(AND(I76="",L74="-"),"-",ROUNDUP((J76*0.2)+J76,3))) -> -
A77: 67 | B77: See photo | C77: 9307 | D77: Daily HV | E77: Unisex - Unisex - Unisex | F77: 38-60 | G77: Color - Colour - Couleur | H77: 25 | I77: 1 | J77: =ROUNDUP('Tarifa 2026'!J78*(1+Instructions!$AA$9),3) -> 17.2 | K77: =IF(I77=1,(ROUNDUP((J77*0.05+J77),3)),ROUNDUP((J77*0.05+J77),3)) -> 18.06 | L77: =IF(I77=1,"-",IF(AND(I77="",L75="-"),"-",ROUNDUP((J77*0.2)+J77,3))) -> -
A78: 67 | B78: See photo | C78: 9309 | D78: Alfa | E78: Unisex - Unisex - Unisex | F78: 38-60 | G78: Color - Colour - Couleur | H78: 25 | I78: 1 | J78: =ROUNDUP('Tarifa 2026'!J79*(1+Instructions!$AA$9),3) -> 19.9 | K78: =IF(I78=1,(ROUNDUP((J78*0.05+J78),3)),ROUNDUP((J78*0.05+J78),3)) -> 20.895 | L78: =IF(I78=1,"-",IF(AND(I78="",L76="-"),"-",ROUNDUP((J78*0.2)+J78,3))) -> -
A79: 68 | B79: See photo | C79: 9321 | D79: Enix | E79: Unisex - Unisex - Unisex | F79: 38-60 | G79: Color - Colour - Couleur | H79: 20 | I79: 1 | J79: =ROUNDUP('Tarifa 2026'!J80*(1+Instructions!$AA$9),3) -> 27.3 | K79: =IF(I79=1,(ROUNDUP((J79*0.05+J79),3)),ROUNDUP((J79*0.05+J79),3)) -> 28.665 | L79: =IF(I79=1,"-",IF(AND(I79="",L77="-"),"-",ROUNDUP((J79*0.2)+J79,3))) -> -
A80: 68 | B80: See photo | C80: 9312 | D80: Daily strech HV | E80: Unisex - Unisex - Unisex | F80: 38-60 | G80: Color - Colour - Couleur | H80: 25 | I80: 1 | J80: =ROUNDUP('Tarifa 2026'!J81*(1+Instructions!$AA$9),3) -> 25.9 | K80: =IF(I80=1,(ROUNDUP((J80*0.05+J80),3)),ROUNDUP((J80*0.05+J80),3)) -> 27.195 | L80: =IF(I80=1,"-",IF(AND(I80="",L78="-"),"-",ROUNDUP((J80*0.2)+J80,3))) -> -
A81: 71 | B81: See photo | C81: 9301 | D81: Soan | E81: Unisex - Unisex - Unisex | F81: 38-60 | G81: Color - Colour - Couleur | H81: 25 | I81: 1 | J81: =ROUNDUP('Tarifa 2026'!J82*(1+Instructions!$AA$9),3) -> 18.4 | K81: =IF(I81=1,(ROUNDUP((J81*0.05+J81),3)),ROUNDUP((J81*0.05+J81),3)) -> 19.32 | L81: =IF(I81=1,"-",IF(AND(I81="",L79="-"),"-",ROUNDUP((J81*0.2)+J81,3))) -> -
A82: 71 | B82: See photo | C82: 9300 | D82: Naos | E82: Unisex - Unisex - Unisex | F82: 38-60 | G82: Color - Colour - Couleur | H82: 25 | I82: 1 | J82: =ROUNDUP('Tarifa 2026'!J83*(1+Instructions!$AA$9),3) -> 17.9 | K82: =IF(I82=1,(ROUNDUP((J82*0.05+J82),3)),ROUNDUP((J82*0.05+J82),3)) -> 18.795 | L82: =IF(I82=1,"-",IF(AND(I82="",L80="-"),"-",ROUNDUP((J82*0.2)+J82,3))) -> -
A83: IGNIFUGOS · FIRE RETARDANT · IGNIFUGER
A84: 79 | B84: See photo | C84: 9401 | D84: Defender | E84: Unisex - Unisex - Unisex | F84: S-2XL | G84: Color - Colour - Couleur | H84: 50 | I84: 1 | J84: =ROUNDUP('Tarifa 2026'!J85*(1+Instructions!$AA$9),3) -> 39.9 | K84: =IF(I84=1,(ROUNDUP((J84*0.05+J84),3)),ROUNDUP((J84*0.05+J84),3)) -> 41.895 | L84: =IF(I84=1,"-",IF(AND(I84="",L76="-"),"-",ROUNDUP((J84*0.2)+J84,3))) -> -
E85: Unisex - Unisex - Unisex | F85: 3XL | G85: Color - Colour - Couleur | J85: =ROUNDUP('Tarifa 2026'!J86*(1+Instructions!$AA$9),3) -> 41.9 | K85: =IF(I85=1,(ROUNDUP((J85*0.05+J85),3)),ROUNDUP((J85*0.05+J85),3)) -> 43.995 | L85: =IF(I85=1,"-",IF(AND(I85="",L84="-"),"-",ROUNDUP((J85*0.2)+J85,3))) -> -
E86: Unisex - Unisex - Unisex | F86: 4XL | G86: Color - Colour - Couleur | J86: =ROUNDUP('Tarifa 2026'!J87*(1+Instructions!$AA$9),3) -> 43.9 | K86: =IF(I86=1,(ROUNDUP((J86*0.05+J86),3)),ROUNDUP((J86*0.05+J86),3)) -> 46.095 | L86: =IF(I86=1,"-",IF(AND(I86="",L84="-"),"-",ROUNDUP((J86*0.2)+J86,3))) -> -
A87: 79 | B87: See photo | C87: 9402 | D87: Santana | E87: Unisex - Unisex - Unisex | F87: S-2XL | G87: Color - Colour - Couleur | H87: 25 | I87: 1 | J87: =ROUNDUP('Tarifa 2026'!J88*(1+Instructions!$AA$9),3) -> 45.9 | K87: =IF(I87=1,(ROUNDUP((J87*0.05+J87),3)),ROUNDUP((J87*0.05+J87),3)) -> 48.195 | L87: =IF(I87=1,"-",IF(AND(I87="",L85="-"),"-",ROUNDUP((J87*0.2)+J87,3))) -> -
E88: Unisex - Unisex - Unisex | F88: 3XL | G88: Color - Colour - Couleur | J88: =ROUNDUP('Tarifa 2026'!J89*(1+Instructions!$AA$9),3) -> 48 | K88: =IF(I88=1,(ROUNDUP((J88*0.05+J88),3)),ROUNDUP((J88*0.05+J88),3)) -> 50.4 | L88: =IF(I88=1,"-",IF(AND(I88="",L86="-"),"-",ROUNDUP((J88*0.2)+J88,3))) -> -
E89: Unisex - Unisex - Unisex | F89: 4XL | G89: Color - Colour - Couleur | J89: =ROUNDUP('Tarifa 2026'!J90*(1+Instructions!$AA$9),3) -> 50 | K89: =IF(I89=1,(ROUNDUP((J89*0.05+J89),3)),ROUNDUP((J89*0.05+J89),3)) -> 52.5 | L89: =IF(I89=1,"-",IF(AND(I89="",L87="-"),"-",ROUNDUP((J89*0.2)+J89,3))) -> -
A90: 81 | B90: See photo | C90: 9403 | D90: Cruiser | E90: Unisex - Unisex - Unisex | F90: S-2XL | G90: Color - Colour - Couleur | H90: 20 | I90: 1 | J90: =ROUNDUP('Tarifa 2026'!J91*(1+Instructions!$AA$9),3) -> 49.9 | K90: =IF(I90=1,(ROUNDUP((J90*0.05+J90),3)),ROUNDUP((J90*0.05+J90),3)) -> 52.395 | L90: =IF(I90=1,"-",IF(AND(I90="",L88="-"),"-",ROUNDUP((J90*0.2)+J90,3))) -> -
E91: Unisex - Unisex - Unisex | F91: 3XL | G91: Color - Colour - Couleur | J91: =ROUNDUP('Tarifa 2026'!J92*(1+Instructions!$AA$9),3) -> 52 | K91: =IF(I91=1,(ROUNDUP((J91*0.05+J91),3)),ROUNDUP((J91*0.05+J91),3)) -> 54.6 | L91: =IF(I91=1,"-",IF(AND(I91="",L89="-"),"-",ROUNDUP((J91*0.2)+J91,3))) -> -
E92: Unisex - Unisex - Unisex | F92: 4XL | G92: Color - Colour - Couleur | J92: =ROUNDUP('Tarifa 2026'!J93*(1+Instructions!$AA$9),3) -> 54 | K92: =IF(I92=1,(ROUNDUP((J92*0.05+J92),3)),ROUNDUP((J92*0.05+J92),3)) -> 56.7 | L92: =IF(I92=1,"-",IF(AND(I92="",L90="-"),"-",ROUNDUP((J92*0.2)+J92,3))) -> -
A93: 81 | B93: See photo | C93: 9400 | D93: Ranger | E93: Unisex - Unisex - Unisex | F93: 38-60 | G93: Color - Colour - Couleur | H93: 25 | I93: 1 | J93: =ROUNDUP('Tarifa 2026'!J94*(1+Instructions!$AA$9),3) -> 39.9 | K93: =IF(I93=1,(ROUNDUP((J93*0.05+J93),3)),ROUNDUP((J93*0.05+J93),3)) -> 41.895 | L93: =IF(I93=1,"-",IF(AND(I93="",L91="-"),"-",ROUNDUP((J93*0.2)+J93,3))) -> -
A94: 83 | B94: See photo | C94: 9404 | D94: Blazer | E94: Unisex - Unisex - Unisex | F94: S-2XL | G94: Color - Colour - Couleur | H94: 15 | I94: 1 | J94: =ROUNDUP('Tarifa 2026'!J95*(1+Instructions!$AA$9),3) -> 71.9 | K94: =IF(I94=1,(ROUNDUP((J94*0.05+J94),3)),ROUNDUP((J94*0.05+J94),3)) -> 75.495 | L94: =IF(I94=1,"-",IF(AND(I94="",L92="-"),"-",ROUNDUP((J94*0.2)+J94,3))) -> -
E95: Unisex - Unisex - Unisex | F95: 3XL | G95: Color - Colour - Couleur | J95: =ROUNDUP('Tarifa 2026'!J96*(1+Instructions!$AA$9),3) -> 75.5 | K95: =IF(I95=1,(ROUNDUP((J95*0.05+J95),3)),ROUNDUP((J95*0.05+J95),3)) -> 79.275 | L95: =IF(I95=1,"-",IF(AND(I95="",L93="-"),"-",ROUNDUP((J95*0.2)+J95,3))) -> -
E96: Unisex - Unisex - Unisex | F96: 4XL | G96: Color - Colour - Couleur | J96: =ROUNDUP('Tarifa 2026'!J97*(1+Instructions!$AA$9),3) -> 78 | K96: =IF(I96=1,(ROUNDUP((J96*0.05+J96),3)),ROUNDUP((J96*0.05+J96),3)) -> 81.9 | L96: =IF(I96=1,"-",IF(AND(I96="",L94="-"),"-",ROUNDUP((J96*0.2)+J96,3))) -> -
A97: SERVICES · SERVICES · SERVICES
A98: 87 | B98: NEW | C98: 9327 | D98: Kutta | E98: Hombre - Man - Homme | F98: XS-2XL | G98: Blanco - White - Blanc | H98: 15 | I98: 1 | J98: =ROUNDUP('Tarifa 2026'!J99*(1+Instructions!$AA$9),3) -> 3.96 | K98: =IF(I98=1,(ROUNDUP((J98*0.05+J98),3)),ROUNDUP((J98*0.05+J98),3)) -> 4.158 | L98: =IF(I98=1,"-",IF(AND(I98="",L85="-"),"-",ROUNDUP((J98*0.2)+J98,3))) -> -
E99: Hombre - Man - Homme | F99: 3XL | G99: Blanco - White - Blanc | J99: =ROUNDUP('Tarifa 2026'!J100*(1+Instructions!$AA$9),3) -> 5.3 | K99: =IF(I99=1,(ROUNDUP((J99*0.05+J99),3)),ROUNDUP((J99*0.05+J99),3)) -> 5.565 | L99: =IF(I99=1,"-",IF(AND(I99="",L86="-"),"-",ROUNDUP((J99*0.2)+J99,3))) -> -
E100: Hombre - Man - Homme | F100: 4XL | G100: Blanco - White - Blanc | J100: =ROUNDUP('Tarifa 2026'!J101*(1+Instructions!$AA$9),3) -> 5.6 | K100: =IF(I100=1,(ROUNDUP((J100*0.05+J100),3)),ROUNDUP((J100*0.05+J100),3)) -> 5.88 | L100: =IF(I100=1,"-",IF(AND(I100="",L87="-"),"-",ROUNDUP((J100*0.2)+J100,3))) -> -
E101: Hombre - Man - Homme | F101: 5XL | G101: Blanco - White - Blanc | J101: =ROUNDUP('Tarifa 2026'!J102*(1+Instructions!$AA$9),3) -> 5.9 | K101: =IF(I101=1,(ROUNDUP((J101*0.05+J101),3)),ROUNDUP((J101*0.05+J101),3)) -> 6.195 | L101: =IF(I101=1,"-",IF(AND(I101="",L88="-"),"-",ROUNDUP((J101*0.2)+J101,3))) -> -
E102: Hombre - Man - Homme | F102: XS-2XL | G102: Color - Colour - Couleur | J102: =ROUNDUP('Tarifa 2026'!J103*(1+Instructions!$AA$9),3) -> 4.8 | K102: =IF(I102=1,(ROUNDUP((J102*0.05+J102),3)),ROUNDUP((J102*0.05+J102),3)) -> 5.04 | L102: =IF(I102=1,"-",IF(AND(I102="",L89="-"),"-",ROUNDUP((J102*0.2)+J102,3))) -> -
E103: Hombre - Man - Homme | F103: 3XL | G103: Color - Colour - Couleur | J103: =ROUNDUP('Tarifa 2026'!J104*(1+Instructions!$AA$9),3) -> 6 | K103: =IF(I103=1,(ROUNDUP((J103*0.05+J103),3)),ROUNDUP((J103*0.05+J103),3)) -> 6.3 | L103: =IF(I103=1,"-",IF(AND(I103="",L90="-"),"-",ROUNDUP((J103*0.2)+J103,3))) -> -
E104: Hombre - Man - Homme | F104: 4XL | G104: Color - Colour - Couleur | J104: =ROUNDUP('Tarifa 2026'!J105*(1+Instructions!$AA$9),3) -> 6.3 | K104: =IF(I104=1,(ROUNDUP((J104*0.05+J104),3)),ROUNDUP((J104*0.05+J104),3)) -> 6.615 | L104: =IF(I104=1,"-",IF(AND(I104="",L91="-"),"-",ROUNDUP((J104*0.2)+J104,3))) -> -
E105: Hombre - Man - Homme | F105: 5XL | G105: Color - Colour - Couleur | J105: =ROUNDUP('Tarifa 2026'!J106*(1+Instructions!$AA$9),3) -> 6.6 | K105: =IF(I105=1,(ROUNDUP((J105*0.05+J105),3)),ROUNDUP((J105*0.05+J105),3)) -> 6.93 | L105: =IF(I105=1,"-",IF(AND(I105="",L92="-"),"-",ROUNDUP((J105*0.2)+J105,3))) -> -
...
